ID,Runs,Mins,BF,4s,6s,SR,Pos,Dismissal,Inns,How Dismissed,Opposition,Ground,Start Date,ODI ID
M001,0,-,2,0,0,0,5,caught,2,c Wasim Akram b Waqar Younis,v Pakistan,Gujranwala,18 Dec 1989,ODI # 593
M002,0,2,2,0,0,0,5,caught,2,c & b S A Thomson,v New Zealand,Dunedin,1 Mar 1990,ODI # 612
M003,36,51,39,5,0,92.3,6,caught,1,c †I D S Smith b S A Thomson,v New Zealand,Wellington,6 Mar 1990,ODI # 616
M004,10,-,12,0,0,83.33,5,run out,1,run out,v Sri Lanka,Sharjah,25 Apr 1990,ODI # 623
M005,20,-,25,1,0,80,7,caught,2,c Saeed Anwar b Imran Khan,v Pakistan,Sharjah,27 Apr 1990,ODI # 625
M006,19,38,35,1,1,54.28,4,bowled,2,b D E Malcolm,v England,Leeds,18 Jul 1990,ODI # 634
M007,31,31,26,3,0,119.23,6,bowled,2,b A R C Fraser,v England,Nottingham,20 Jul 1990,ODI # 635
M008,36,-,22,3,2,163.63,5,bowled,1,b R J Ratnayake,v Sri Lanka,Nagpur,1 Dec 1990,ODI # 644
M009,53,-,41,7,1,129.26,5,bowled,2,b G F Labrooy,v Sri Lanka,Pune,5 Dec 1990,ODI # 646
M010,30,-,29,1,2,103.44,5,caught,1,c & b S D Anurasiri,v Sri Lanka,Margao,8 Dec 1990,ODI # 648
M011,DNB,-,-,-,-,-,-,-,2,did not bat,v Bangladesh,Chandigarh,25 Dec 1990,ODI # 657
M012,4,-,11,0,0,36.36,5,lbw,2,lbw b A Ranatunga,v Sri Lanka,Cuttack,28 Dec 1990,ODI # 658
M013,53,-,70,2,0,75.71,4,lbw,2,lbw b R J Ratnayake,v Sri Lanka,Kolkata,4 Jan 1991,ODI # 661
M014,52*,-,40,5,0,130,5,not out,1,not out,v Pakistan,Sharjah,18 Oct 1991,ODI # 680
M015,22,-,27,3,0,81.48,5,run out,1,run out,v West Indies,Sharjah,19 Oct 1991,ODI # 681
M016,11*,-,27,1,0,40.74,5,not out,2,not out,v West Indies,Sharjah,22 Oct 1991,ODI # 683
M017,49,-,38,3,2,128.94,5,caught,2,c sub b Saleem Malik,v Pakistan,Sharjah,23 Oct 1991,ODI # 684
M018,0,-,1,0,0,0,5,lbw,2,lbw b Aaqib Javed,v Pakistan,Sharjah,25 Oct 1991,ODI # 685
M019,62,-,73,8,1,84.93,4,caught,2,c R P Snell b A A Donald,v South Africa,Kolkata,10 Nov 1991,ODI # 686
M020,4,-,8,0,0,50,4,caught,1,c †D J Richardson b C R Matthews,v South Africa,Gwalior,12 Nov 1991,ODI # 687
M021,1,-,3,0,0,33.33,4,caught,1,c S J Cook b A A Donald,v South Africa,New Delhi,14 Nov 1991,ODI # 688
M022,1,14,9,0,0,11.11,4,caught,1,c R B Richardson b A C Cummins,v West Indies,Perth,6 Dec 1991,ODI # 692
M023,36,79,65,3,0,55.38,4,caught,1,c P L Taylor b T M Moody,v Australia,Perth,8 Dec 1991,ODI # 693
M024,57,111,107,3,0,53.27,4,caught,1,c S R Waugh b P L Taylor,v Australia,Hobart,10 Dec 1991,ODI # 694
M025,48,62,57,2,0,84.21,4,caught,1,c & b K L T Arthurton,v West Indies,Adelaide,14 Dec 1991,ODI # 696
M026,21,38,35,3,0,60,4,caught,1,c D M Jones b S R Waugh,v Australia,Adelaide,15 Dec 1991,ODI # 697
M027,77,157,127,5,0,60.62,4,caught,1,c sub b A C Cummins,v West Indies,Brisbane,11 Jan 1992,ODI # 702
M028,31,64,44,1,0,70.45,5,run out,1,run out,v Australia,Sydney,14 Jan 1992,ODI # 705
M029,57*,118,88,2,0,64.77,4,not out,2,not out,v West Indies,Melbourne,16 Jan 1992,ODI # 707
M030,4,12,10,0,0,40,4,caught,2,c M R Whitney b T M Moody,v Australia,Melbourne,18 Jan 1992,ODI # 709
M031,69,116,100,3,0,69,4,caught,2,c M R Whitney b S R Waugh,v Australia,Sydney,20 Jan 1992,ODI # 711
M032,35,51,44,5,0,79.54,4,caught,2,c †A J Stewart b I T Botham,v England,Perth,22 Feb 1992,ODI # 715
M033,DNB,-,-,-,-,-,-,-,1,did not bat,v Sri Lanka,Mackay,28 Feb 1992,ODI # 722
M034,11,19,19,1,0,57.89,4,caught,2,c S R Waugh b T M Moody,v Australia,Brisbane,1 Mar 1992,ODI # 725
M035,54*,91,62,3,0,87.09,5,not out,1,not out,v Pakistan,Sydney,4 Mar 1992,ODI # 729
M036,81,88,77,8,1,105.19,4,caught,1,c A D R Campbell b M G Burmester,v Zimbabwe,Hamilton,7 Mar 1992,ODI # 732
M037,4,11,11,0,0,36.36,4,caught,1,c †D Williams b C E L Ambrose,v West Indies,Wellington,10 Mar 1992,ODI # 737
M038,84,122,107,6,0,78.5,4,caught,1,c †I D S Smith b C Z Harris,v New Zealand,Dunedin,12 Mar 1992,ODI # 740
M039,14,14,14,1,0,100,4,caught,1,c K C Wessels b A P Kuiper,v South Africa,Adelaide,15 Mar 1992,ODI # 745
M040,39,92,56,7,0,69.64,4,caught,1,c D H Brain b G J Crocker,v Zimbabwe,Harare,25 Oct 1992,ODI # 764
M041,15,-,27,1,0,55.55,4,bowled,1,b B M McMillan,v South Africa,Cape Town,7 Dec 1992,ODI # 770
M042,10,-,36,0,0,27.77,4,caught,1,c †D J Richardson b D J Callaghan,v South Africa,Port Elizabeth,9 Dec 1992,ODI # 772
M043,22,-,24,2,0,91.66,5,caught,2,c †D J Richardson b C R Matthews,v South Africa,Centurion,11 Dec 1992,ODI # 774
M044,21,-,44,1,0,47.72,5,caught,1,c B M McMillan b A A Donald,v South Africa,Johannesburg,13 Dec 1992,ODI # 779
M045,32,-,52,1,0,61.53,5,bowled,1,b P S De Villiers,v South Africa,Bloemfontein,15 Dec 1992,ODI # 781
M046,23,-,39,0,0,58.97,5,caught,2,c W J Cronje b M W Pringle,v South Africa,Durban,17 Dec 1992,ODI # 783
M047,21,-,38,3,0,55.26,3,caught,2,c †D J Richardson b C R Matthews,v South Africa,East London,19 Dec 1992,ODI # 784
M048,82*,116,81,6,1,101.23,5,not out,1,not out,v England,Jaipur,18 Jan 1993,ODI # 794
M049,1,9,5,0,0,20,5,lbw,2,lbw b P A J De Freitas,v England,Chandigarh,21 Jan 1993,ODI # 795
M050,3,7,6,0,0,50,4,caught,2,c G A Hick b C C Lewis,v England,Bengaluru,26 Feb 1993,ODI # 809
M051,24,42,32,1,0,75,4,bowled,1,b P W Jarvis,v England,Jamshedpur,1 Mar 1993,ODI # 811
M052,5,7,6,1,0,83.33,5,bowled,2,b P W Jarvis,v England,Gwalior,4 Mar 1993,ODI # 813
M053,34,42,30,2,1,113.33,5,caught,2,c sub b C C Lewis,v England,Gwalior,5 Mar 1993,ODI # 814
M054,3,16,9,0,0,33.33,5,caught,1,c & b G W Flower,v Zimbabwe,Faridabad,19 Mar 1993,ODI # 817
M055,8*,8,6,0,0,133.33,5,not out,2,not out,v Zimbabwe,Guwahati,22 Mar 1993,ODI # 820
M056,DNB,-,-,-,-,-,-,-,2,did not bat,v Zimbabwe,Pune,25 Mar 1993,ODI # 823
M057,21,-,39,1,0,53.84,5,caught,1,c A P Gurusinha b S T Jayasuriya,v Sri Lanka,Colombo (RPS),25 Jul 1993,ODI # 833
M058,15,-,30,0,0,50,5,run out,2,run out,v Sri Lanka,Colombo (RPS),12 Aug 1993,ODI # 834
M059,25,-,39,1,0,64.1,5,caught,1,c M Muralitharan b S T Jayasuriya,v Sri Lanka,Moratuwa,14 Aug 1993,ODI # 835
M060,26*,-,30,4,0,86.66,5,not out,2,not out,v Sri Lanka,Kanpur,7 Nov 1993,ODI # 846
M061,2,-,8,0,0,25,5,lbw,2,lbw b C A Walsh,v West Indies,Ahmedabad,16 Nov 1993,ODI # 851
M062,24,22,16,1,1,150,6,caught,1,c & b H H Streak,v Zimbabwe,Indore,18 Nov 1993,ODI # 852
M063,3,-,25,0,0,12,4,caught,1,c †D J Richardson b W J Cronje,v South Africa,Mohali,22 Nov 1993,ODI # 855
M064,15,-,31,3,0,48.38,5,caught,1,c †D J Richardson b R P Snell,v South Africa,Kolkata,24 Nov 1993,ODI # 856
M065,28*,-,43,2,0,65.11,5,not out,1,not out,v West Indies,Kolkata,27 Nov 1993,ODI # 858
M066,1,10,5,0,0,20,5,caught,1,c A Ranatunga b R S Kalpage,v Sri Lanka,Rajkot,15 Feb 1994,ODI # 879
M067,11*,25,18,0,0,61.11,5,not out,2,not out,v Sri Lanka,Hyderabad (Deccan),18 Feb 1994,ODI # 881
M068,52,83,63,3,0,82.53,5,run out,1,run out,v Sri Lanka,Jalandhar,20 Feb 1994,ODI # 883
M069,15,22,19,1,0,78.94,5,caught,2,c K R Rutherford b D J Nash,v New Zealand,Napier,25 Mar 1994,ODI # 896
M070,82,69,49,15,2,167.34,2,caught,2,c & b M N Hart,v New Zealand,Auckland,27 Mar 1994,ODI # 897
M071,63,91,75,9,0,84,2,lbw,1,lbw b G R Larsen,v New Zealand,Wellington,30 Mar 1994,ODI # 898
M072,40,34,26,8,0,153.84,2,bowled,1,b G R Larsen,v New Zealand,Christchurch,2 Apr 1994,ODI # 899
M073,63,125,77,7,1,81.81,2,caught,1,c †Imtiaz Abbasi b Sultan Zarawani,v U.A.E.,Sharjah,13 Apr 1994,ODI # 904
M074,73,96,64,10,3,114.06,2,caught,1,c Basit Ali b Akram Raza,v Pakistan,Sharjah,15 Apr 1994,ODI # 906
M075,6,12,7,1,0,85.71,2,caught,2,c M A Taylor b G D McGrath,v Australia,Sharjah,19 Apr 1994,ODI # 910
M076,24,59,26,4,0,92.3,2,caught,2,c Aamir Sohail b Ata-Ur-Rehman,v Pakistan,Sharjah,22 Apr 1994,ODI # 912
M077,11*,-,16,2,0,68.75,2,not out,1,not out,v Sri Lanka,Colombo (RPS),4 Sep 1994,ODI # 921
M078,6,13,5,0,0,120,2,caught,1,c H D P K Dharmasena b G P Wickramasinghe,v Sri Lanka,Colombo (RPS),5 Sep 1994,ODI # 922
M079,110,186,130,8,2,84.61,2,bowled,1,b C J McDermott,v Australia,Colombo (RPS),9 Sep 1994,ODI # 924
M080,0,6,2,0,0,0,2,caught,2,c P A de Silva b W P U J C Vaas,v Sri Lanka,Colombo (SSC),17 Sep 1994,ODI # 927
M081,0,3,4,0,0,0,2,caught,2,c B C Lara b C A Walsh,v West Indies,Faridabad,17 Oct 1994,ODI # 931
M082,0,7,4,0,0,0,2,caught,2,c C L Hooper b C E Cuffy,v West Indies,Mumbai,20 Oct 1994,ODI # 933
M083,8,28,24,0,0,33.33,3,caught,2,c C L Hooper b A C Cummins,v West Indies,Chennai,23 Oct 1994,ODI # 936
M084,115,184,136,9,3,84.55,2,run out,2,run out,v New Zealand,Vadodara,28 Oct 1994,ODI # 939
M085,34,53,47,7,0,72.34,2,bowled,2,b A C Cummins,v West Indies,Kanpur,30 Oct 1994,ODI # 941
M086,62,80,54,13,0,114.81,2,bowled,1,b M N Hart,v New Zealand,Delhi,3 Nov 1994,ODI # 944
M087,66,101,68,8,0,97.05,2,caught,1,c S C Williams b C E Cuffy,v West Indies,Kolkata,5 Nov 1994,ODI # 947
M088,54,130,64,5,0,84.37,2,caught,1,c A C Cummins b C L Hooper,v West Indies,Visakhapatnam,7 Nov 1994,ODI # 949
M089,88,147,112,10,0,78.57,2,bowled,2,b P V Simmons,v West Indies,Cuttack,9 Nov 1994,ODI # 950
M090,105,180,134,10,0,78.35,2,caught,1,c †J C Adams b B S Browne,v West Indies,Jaipur,11 Nov 1994,ODI # 951
M091,13,30,15,3,0,86.66,2,caught,1,c S A Thomson b D K Morrison,v New Zealand,Napier,16 Feb 1995,ODI # 976
M092,37,75,51,3,1,72.54,2,caught,2,c P L Symcox b W J Cronje,v South Africa,Hamilton,18 Feb 1995,ODI # 977
M093,47,65,40,7,0,117.5,2,caught,2,c M A Taylor b J Angel,v Australia,Dunedin,22 Feb 1995,ODI # 979
M094,48,37,30,9,1,160,2,bowled,2,b Mohammad Rafique,v Bangladesh,Sharjah,5 Apr 1995,ODI # 993
M095,4,13,9,1,0,44.44,2,caught,2,c †Moin Khan b Aaqib Javed,v Pakistan,Sharjah,7 Apr 1995,ODI # 995
M096,112*,137,107,15,1,104.67,2,not out,2,not out,v Sri Lanka,Sharjah,9 Apr 1995,ODI # 997
M097,41,51,41,5,0,100,2,caught,2,c S T Jayasuriya b C P H Ramanayake,v Sri Lanka,Sharjah,14 Apr 1995,ODI # 999
M098,30,30,20,5,0,150,2,caught,1,c M J Greatbatch b D K Morrison,v New Zealand,Jamshedpur,15 Nov 1995,ODI # 1015
M099,39,79,51,4,0,76.47,2,caught,2,c †L K Germon b S A Thomson,v New Zealand,Amritsar,18 Nov 1995,ODI # 1016
M100,7,27,11,1,0,63.63,2,caught,2,c G R Larsen b D K Morrison,v New Zealand,Pune,24 Nov 1995,ODI # 1017
M101,65,96,59,9,1,110.16,2,run out,2,run out,v New Zealand,Nagpur,26 Nov 1995,ODI # 1018
M102,1,14,4,0,0,25,2,bowled,2,b D K Morrison,v New Zealand,Mumbai (BS),29 Nov 1995,ODI # 1019
M103,127*,175,138,15,1,92.02,2,not out,2,not out,v Kenya,Cuttack,18 Feb 1996,ODI # 1052
M104,70,137,91,8,0,76.92,2,run out,2,run out,v West Indies,Gwalior,21 Feb 1996,ODI # 1056
M105,90,124,84,14,1,107.14,2,stumped,2,st I A Healy b M E Waugh,v Australia,Mumbai,27 Feb 1996,ODI # 1065
M106,137,198,137,8,5,100,2,run out,1,run out,v Sri Lanka,Delhi,2 Mar 1996,ODI # 1070
M107,3,10,12,0,0,25,1,bowled,1,b H H Streak,v Zimbabwe,Kanpur,6 Mar 1996,ODI # 1075
M108,31,103,59,3,0,52.54,2,bowled,1,b Ata-Ur-Rehman,v Pakistan,Bengaluru,9 Mar 1996,ODI # 1078
M109,65,96,88,9,0,73.86,1,stumped,2,st R S Kaluwitharana b S T Jayasuriya,v Sri Lanka,Kolkata,13 Mar 1996,ODI # 1081
M110,28,-,31,3,1,90.32,1,caught,1,c S T Jayasuriya b G P Wickramasinghe,v Sri Lanka,Singapore,3 Apr 1996,ODI # 1089
M111,100,-,111,9,1,90.09,2,stumped,1,st Rashid Latif b Saqlain Mushtaq,v Pakistan,Singapore,5 Apr 1996,ODI # 1091
M112,1,-,5,0,0,20,2,caught,2,c Saeed Anwar b Aaqib Javed,v Pakistan,Sharjah,12 Apr 1996,ODI # 1094
M113,2,23,15,0,0,13.33,2,caught,2,c G Kirsten b P S De Villiers,v South Africa,Sharjah,14 Apr 1996,ODI # 1097
M114,118,-,140,8,2,84.28,2,caught,1,c Aamir Sohail b Waqar Younis,v Pakistan,Sharjah,15 Apr 1996,ODI # 1098
M115,17,32,26,2,0,65.38,2,caught,1,c G Kirsten b P S De Villiers,v South Africa,Sharjah,17 Apr 1996,ODI # 1100
M116,57,104,71,6,0,80.28,2,run out,2,run out,v South Africa,Sharjah,19 Apr 1996,ODI # 1101
M117,30,30,19,5,1,157.89,2,lbw,2,lbw b P J Martin,v England,The Oval,23 May 1996,ODI # 1102
M118,6,26,19,0,0,31.57,2,run out,1,run out,v England,Leeds,25 May 1996,ODI # 1103
M119,1,18,11,0,0,9.09,2,caught,1,c G A Hick b D G Cork,v England,Manchester,26 May 1996,ODI # 1104
M120,110,-,138,5,1,79.71,2,run out,1,run out,v Sri Lanka,Colombo (RPS),28 Aug 1996,ODI # 1106
M121,40,60,46,8,0,86.95,2,caught,2,c B C Strang b H H Streak,v Zimbabwe,Colombo (SSC),1 Sep 1996,ODI # 1110
M122,7,24,11,1,0,63.63,2,caught,1,c S R Waugh b G D McGrath,v Australia,Colombo (SSC),6 Sep 1996,ODI # 1113
M123,89*,-,89,9,3,100,2,not out,2,not out,v Pakistan,Toronto,16 Sep 1996,ODI # 1115
M124,20,-,23,3,0,86.95,2,caught,1,c Wasim Akram b Azhar Mahmood,v Pakistan,Toronto,17 Sep 1996,ODI # 1116
M125,2,-,13,0,0,15.38,2,caught,1,c Aamir Sohail b Wasim Akram,v Pakistan,Toronto,18 Sep 1996,ODI # 1117
M126,3,-,9,0,0,33.33,2,caught,2,c Saleem Malik b Wasim Akram,v Pakistan,Toronto,21 Sep 1996,ODI # 1118
M127,23,-,44,0,1,52.27,2,run out,2,run out,v Pakistan,Toronto,23 Sep 1996,ODI # 1119
M128,11,20,8,2,0,137.5,2,caught,2,c D J Cullinan b P S De Villiers,v South Africa,Hyderabad (Deccan),17 Oct 1996,ODI # 1127
M129,88,189,111,9,0,79.27,2,lbw,2,lbw b S R Waugh,v Australia,Bengaluru,21 Oct 1996,ODI # 1129
M130,64,133,93,3,0,68.81,2,caught,2,c G Kirsten b B M McMillan,v South Africa,Jaipur,23 Oct 1996,ODI # 1130
M131,28,55,38,5,0,73.68,1,lbw,1,lbw b A A Donald,v South Africa,Rajkot,29 Oct 1996,ODI # 1132
M132,62,-,60,8,0,103.33,1,caught,1,c S G Law b M E Waugh,v Australia,Mohali,3 Nov 1996,ODI # 1137
M133,67,128,88,6,0,76.13,2,caught,1,c W J Cronje b N Boje,v South Africa,Mumbai,6 Nov 1996,ODI # 1138
M134,114,157,126,14,0,90.47,1,stumped,1,st G Kirsten b N Boje,v South Africa,Mumbai,14 Dec 1996,ODI # 1151
M135,0,12,4,0,0,0,2,bowled,2,b S M Pollock,v South Africa,Bloemfontein,23 Jan 1997,ODI # 1167
M136,6,8,8,1,0,75,1,caught,2,c A D R Campbell b E A Brandes,v Zimbabwe,Paarl,27 Jan 1997,ODI # 1169
M137,1,14,14,0,0,7.14,4,bowled,1,b A A Donald,v South Africa,Port Elizabeth,2 Feb 1997,ODI # 1172
M138,14,34,24,2,0,58.33,3,caught,1,c D J Cullinan b L Klusener,v South Africa,East London,4 Feb 1997,ODI # 1173
M139,41,81,56,1,1,73.21,4,caught,1,c A C Waller b A D R Campbell,v Zimbabwe,Centurion,7 Feb 1997,ODI # 1174
M140,104,121,97,8,1,107.21,2,caught,2,c A D R Campbell b C N Evans,v Zimbabwe,Benoni,9 Feb 1997,ODI # 1175
M141,32,55,27,6,0,118.51,2,caught,1,c J N Rhodes b L Klusener,v South Africa,Durban,12 Feb 1997,ODI # 1176
M142,45,48,33,7,1,136.36,2,caught,2,c R E Bryson b W J Cronje,v South Africa,Durban,13 Feb 1997,ODI # 1177
M143,13,18,15,0,1,86.66,2,caught,1,c G W Flower b E A Brandes,v Zimbabwe,Bulawayo,15 Feb 1997,ODI # 1178
M144,44,57,43,10,0,102.32,1,caught,1,c †C O Browne b C E L Ambrose,v West Indies,Port of Spain,26 Apr 1997,ODI # 1200
M145,65*,111,70,7,0,92.85,1,not out,2,not out,v West Indies,Port of Spain,27 Apr 1997,ODI # 1201
M146,9,22,15,1,0,60,1,bowled,2,b C A Walsh,v West Indies,Kingstown,30 Apr 1997,ODI # 1202
M147,1,17,11,0,0,9.09,1,caught,1,c B C Lara b C A Walsh,v West Indies,Bridgetown,3 May 1997,ODI # 1203
M148,117,188,137,13,2,85.4,2,bowled,2,b N J Astle,v New Zealand,Bengaluru,14 May 1997,ODI # 1206
M149,2,19,4,0,0,50,2,caught,1,c H D P K Dharmasena b K S C de Silva,v Sri Lanka,Mumbai,17 May 1997,ODI # 1207
M150,4,10,7,1,0,57.14,1,caught,2,c Inzamam-ul-Haq b Aaqib Javed,v Pakistan,Chennai,21 May 1997,ODI # 1209
M151,21,49,28,3,0,75,1,bowled,1,b W P U J C Vaas,v Sri Lanka,Colombo (RPS),18 Jul 1997,ODI # 1218
M152,TDNB,-,-,-,-,-,-,-,-,did not bat,v Pakistan,Colombo (SSC),20 Jul 1997,ODI # 1219
M153,28,36,21,5,0,133.33,2,bowled,2,b Enamul Haque,v Bangladesh,Colombo (SSC),24 Jul 1997,ODI # 1221
M154,53,109,67,2,0,79.1,4,caught,1,c R S Kalpage b M Muralitharan,v Sri Lanka,Colombo (RPS),26 Jul 1997,ODI # 1222
M155,27,55,28,3,0,96.42,1,caught,2,c M Muralitharan b W P U J C Vaas,v Sri Lanka,Colombo (RPS),17 Aug 1997,ODI # 1223
M156,6,4,6,1,0,100,1,lbw,1,lbw b W P U J C Vaas,v Sri Lanka,Colombo (RPS),20 Aug 1997,ODI # 1224
M157,27,47,31,4,0,87.09,2,caught,1,c A Ranatunga b D K Liyanage,v Sri Lanka,Colombo (SSC),23 Aug 1997,ODI # 1225
M158,39,41,32,3,2,121.87,1,caught,2,c †S K L de Silva b K S C de Silva,v Sri Lanka,Colombo (SSC),24 Aug 1997,ODI # 1226
M159,17,82,54,2,0,31.48,1,caught,1,c Mohammad Akram b Azhar Mahmood,v Pakistan,Toronto,13 Sep 1997,ODI # 1227
M160,25*,66,45,3,0,55.55,4,not out,2,not out,v Pakistan,Toronto,14 Sep 1997,ODI # 1228
M161,TDNB,-,-,-,-,-,-,-,-,did not bat,v Pakistan,Toronto,17 Sep 1997,ODI # 1229
M162,0,26,10,0,0,0,4,caught,1,c †Moin Khan b Mohammad Akram,v Pakistan,Toronto,18 Sep 1997,ODI # 1230
M163,6,10,7,1,0,85.71,1,caught,2,c †Moin Khan b Shahid Nazir,v Pakistan,Toronto,20 Sep 1997,ODI # 1231
M164,51,106,64,4,1,79.68,1,lbw,1,lbw b Azhar Mahmood,v Pakistan,Toronto,21 Sep 1997,ODI # 1232
M165,2,17,11,0,0,18.18,1,bowled,1,b Waqar Younis,v Pakistan,Hyderabad (Sind),28 Sep 1997,ODI # 1233
M166,21,24,18,2,1,116.66,1,caught,2,c †Moin Khan b Azhar Mahmood,v Pakistan,Karachi,30 Sep 1997,ODI # 1234
M167,7,19,11,1,0,63.63,1,caught,1,c Inzamam-ul-Haq b Aaqib Javed,v Pakistan,Lahore,2 Oct 1997,ODI # 1236
M168,91,146,87,4,2,104.59,4,stumped,2,st A J Stewart b M V Fleming,v England,Sharjah,11 Dec 1997,ODI # 1259
M169,3,4,4,0,0,75,5,caught,1,c Inzamam-ul-Haq b Manzoor Akhtar,v Pakistan,Sharjah,14 Dec 1997,ODI # 1262
M170,1,3,2,0,0,50,4,run out,2,run out,v West Indies,Sharjah,16 Dec 1997,ODI # 1264
M171,82*,110,86,6,0,95.34,4,not out,2,not out,v Sri Lanka,Guwahati,22 Dec 1997,ODI # 1267
M172,TDNB,-,-,-,-,-,-,-,-,did not bat,v Sri Lanka,Indore,25 Dec 1997,ODI # 1268
M173,6,23,13,0,0,46.15,3,caught,1,c K S C de Silva b M Muralitharan,v Sri Lanka,Margao,28 Dec 1997,ODI # 1269
M174,54,104,76,4,0,71.05,4,caught,2,c & b Mohammad Rafique,v Bangladesh,Dhaka,10 Jan 1998,ODI # 1271
M175,67,-,44,11,0,152.27,2,stumped,1,st Rashid Latif b Saqlain Mushtaq,v Pakistan,Dhaka,11 Jan 1998,ODI # 1273
M176,95,104,78,6,5,121.79,2,bowled,2,b Shahid Afridi,v Pakistan,Dhaka,14 Jan 1998,ODI # 1276
M177,1,14,6,0,0,16.66,2,bowled,1,b Azhar Mahmood,v Pakistan,Dhaka,16 Jan 1998,ODI # 1277
M178,41,-,26,7,1,157.69,2,caught,2,c Azhar Mahmood b Shahid Afridi,v Pakistan,Dhaka,18 Jan 1998,ODI # 1279
M179,8,21,11,1,0,72.72,2,caught,1,c R T Ponting b M S Kasprowicz,v Australia,Kochi,1 Apr 1998,ODI # 1300
M180,5,44,17,0,0,29.41,2,run out,1,run out,v Zimbabwe,Vadodara,5 Apr 1998,ODI # 1305
M181,100,132,89,5,7,112.35,2,caught,2,c sub b S K Warne,v Australia,Kanpur,7 Apr 1998,ODI # 1308
M182,1,18,2,0,0,50,2,caught,1,c †A Flower b M Mbangwa,v Zimbabwe,Cuttack,9 Apr 1998,ODI # 1311
M183,15,45,24,2,0,62.5,2,caught,1,c †A C Gilchrist b D W Fleming,v Australia,Delhi,14 Apr 1998,ODI # 1316
M184,40,62,41,5,1,97.56,1,caught,1,c S B Doull b C Z Harris,v New Zealand,Sharjah,17 Apr 1998,ODI # 1319
M185,80,136,72,9,0,111.11,2,caught,2,c †A C Gilchrist b D W Fleming,v Australia,Sharjah,19 Apr 1998,ODI # 1322
M186,38,93,58,2,0,65.51,1,run out,1,run out,v New Zealand,Sharjah,20 Apr 1998,ODI # 1323
M187,143,187,131,9,5,109.16,2,caught,2,c †A C Gilchrist b D W Fleming,v Australia,Sharjah,22 Apr 1998,ODI # 1325
M188,134,195,131,12,3,102.29,2,lbw,2,lbw b M S Kasprowicz,v Australia,Sharjah,24 Apr 1998,ODI # 1327
M189,33,48,29,6,0,113.79,2,caught,2,c Aminul Islam b Athar Ali Khan,v Bangladesh,Mumbai,25 May 1998,ODI # 1335
M190,18,33,25,2,0,72,2,caught,2,c A Y A Karim b M A Suji,v Kenya,Gwalior,28 May 1998,ODI # 1336
M191,100*,156,103,13,0,97.08,2,not out,2,not out,v Kenya,Kolkata,31 May 1998,ODI # 1337
M192,65,79,50,9,0,130,2,caught,2,c M S Atapattu b M Muralitharan,v Sri Lanka,Colombo (RPS),19 Jun 1998,ODI # 1338
M193,53,43,36,3,3,147.22,2,caught,2,c & b C Z Harris,v New Zealand,Colombo (RPS),23 Jun 1998,ODI # 1340
M194,17,28,16,4,0,106.25,2,caught,2,c & b H D P K Dharmasena,v Sri Lanka,Colombo (SSC),1 Jul 1998,ODI # 1341
M195,TDNB,-,-,-,-,-,-,-,-,did not bat,v New Zealand,Colombo (SSC),3 Jul 1998,ODI # 1342
M196,128,182,131,8,2,97.7,2,stumped,1,st R S Kaluwitharana b S T Jayasuriya,v Sri Lanka,Colombo (RPS),7 Jul 1998,ODI # 1344
M197,77,157,109,9,0,70.64,2,caught,1,c Inzamam-ul-Haq b Aamir Sohail,v Pakistan,Toronto,20 Sep 1998,ODI # 1353
M198,127*,155,130,13,1,97.69,2,not out,2,not out,v Zimbabwe,Bulawayo,26 Sep 1998,ODI # 1354
M199,29,33,21,4,1,138.09,1,caught,2,c C B Wishart b M L Nkala,v Zimbabwe,Bulawayo,27 Sep 1998,ODI # 1355
M200,2,7,6,0,0,33.33,2,caught,2,c C N Evans b H H Streak,v Zimbabwe,Harare,30 Sep 1998,ODI # 1356
M201,141,191,128,13,3,110.15,2,run out,1,run out,v Australia,Dhaka,28 Oct 1998,ODI # 1360
M202,8,20,14,1,0,57.14,2,caught,1,c C L Hooper b M V Dillon,v West Indies,Dhaka,31 Oct 1998,ODI # 1363
M203,3,15,6,0,0,50,2,caught,2,c †R S Kaluwitharana b W P U J C Vaas,v Sri Lanka,Sharjah,6 Nov 1998,ODI # 1366
M204,118*,173,112,14,2,105.35,2,not out,2,not out,v Zimbabwe,Sharjah,8 Nov 1998,ODI # 1369
M205,18,57,28,2,0,64.28,1,caught,1,c M S Atapattu b G P Wickramasinghe,v Sri Lanka,Sharjah,9 Nov 1998,ODI # 1370
M206,11,33,12,2,0,91.66,2,caught,2,c G W Flower b H K Olonga,v Zimbabwe,Sharjah,11 Nov 1998,ODI # 1373
M207,124*,140,92,12,6,134.78,2,not out,2,not out,v Zimbabwe,Sharjah,13 Nov 1998,ODI # 1374
M208,0,10,5,0,0,0,2,caught,1,c C Z Harris b C L Cairns,v New Zealand,Taupo,9 Jan 1999,ODI # 1378
M209,23,37,19,4,0,121.05,2,caught,2,c B A Young b D J Nash,v New Zealand,Napier,12 Jan 1999,ODI # 1381
M210,45,68,42,2,2,107.14,2,stumped,1,st A C Parore b G R Larsen,v New Zealand,Wellington,14 Jan 1999,ODI # 1383
M211,5,27,12,1,0,41.66,1,lbw,2,lbw b C L Cairns,v New Zealand,Auckland,16 Jan 1999,ODI # 1385
M212,28,71,46,5,0,60.86,2,caught,1,c †M V Boucher b L Klusener,v South Africa,Hove,15 May 1999,ODI # 1444
M213,140*,114,101,16,3,138.61,4,not out,1,not out,v Kenya,Bristol,23 May 1999,ODI # 1457
M214,2,10,3,0,0,66.66,4,bowled,1,b S T Jayasuriya,v Sri Lanka,Taunton,26 May 1999,ODI # 1463
M215,22,49,40,2,0,55,4,caught,1,c G A Hick b M A Ealham,v England,Birmingham,29 May 1999,ODI # 1467
M216,0,5,4,0,0,0,2,caught,2,c †A C Gilchrist b G D McGrath,v Australia,The Oval,4 Jun 1999,ODI # 1473
M217,45,92,65,5,0,69.23,1,caught,1,c Saqlain Mushtaq b Azhar Mahmood,v Pakistan,Manchester,8 Jun 1999,ODI # 1476
M218,16,26,22,2,0,72.72,1,bowled,1,b D J Nash,v New Zealand,Nottingham,12 Jun 1999,ODI # 1480
M219,14,52,33,0,0,42.42,2,caught,1,c D S Lehmann b T M Moody,v Australia,Galle,23 Aug 1999,ODI # 1486
M220,37,105,58,1,0,63.79,2,run out,1,run out,v Sri Lanka,Colombo (RPS),25 Aug 1999,ODI # 1487
M221,120,191,141,11,2,85.1,1,caught,1,c M Muralitharan b D N T Zoysa,v Sri Lanka,Colombo (SSC),29 Aug 1999,ODI # 1490
M222,85,114,72,7,3,118.05,2,caught,1,c S V Carlisle b A R Whittall,v Zimbabwe,Singapore,4 Sep 1999,ODI # 1493
M223,40,97,65,6,0,61.53,1,caught,1,c †R D Jacobs b C A Walsh,v West Indies,Singapore,7 Sep 1999,ODI # 1495
M224,0,-,6,0,0,0,1,caught,1,c H R Bryan b C A Walsh,v West Indies,Singapore,8 Sep 1999,ODI # 1496
M225,32,61,31,2,1,103.22,2,caught,2,c C L Cairns b S B Styris,v New Zealand,Rajkot,5 Nov 1999,ODI # 1522
M226,186*,221,150,20,3,124,2,not out,1,not out,v New Zealand,Hyderabad (Deccan),8 Nov 1999,ODI # 1523
M227,1,41,23,0,0,4.34,2,caught,1,c S P Fleming b C J Drum,v New Zealand,Gwalior,11 Nov 1999,ODI # 1524
M228,2,21,10,0,0,20,2,caught,2,c C M Spearman b C J Drum,v New Zealand,Guwahati,14 Nov 1999,ODI # 1525
M229,0,2,3,0,0,0,4,caught,2,c & b D L Vettori,v New Zealand,Delhi,17 Nov 1999,ODI # 1526
M230,13,28,26,2,0,50,4,bowled,1,b Abdul Razzaq,v Pakistan,Brisbane,10 Jan 2000,ODI # 1537
M231,12,25,11,2,0,109.09,4,run out,2,run out,v Australia,Melbourne,12 Jan 2000,ODI # 1539
M232,1,13,11,0,0,9.09,2,caught,1,c †A C Gilchrist b G D McGrath,v Australia,Sydney,14 Jan 2000,ODI # 1540
M233,93,157,103,10,0,90.29,1,bowled,2,b Abdul Razzaq,v Pakistan,Hobart,21 Jan 2000,ODI # 1543
M234,41,69,46,5,0,89.13,1,caught,1,c †Moin Khan b Abdul Razzaq,v Pakistan,Adelaide,25 Jan 2000,ODI # 1547
M235,18,45,28,2,0,64.28,1,caught,2,c S C G MacGill b B Lee,v Australia,Adelaide,26 Jan 2000,ODI # 1548
M236,17,19,14,4,0,121.42,1,caught,2,c †Moin Khan b Waqar Younis,v Pakistan,Perth,28 Jan 2000,ODI # 1550
M237,3,23,21,0,0,14.28,2,bowled,1,b D W Fleming,v Australia,Perth,30 Jan 2000,ODI # 1552
M238,26,66,25,4,0,104,2,caught,2,c H S Williams b M Hayward,v South Africa,Kochi,9 Mar 2000,ODI # 1572
M239,21,39,31,3,0,67.74,2,caught,2,c W J Cronje b S M Pollock,v South Africa,Jamshedpur,12 Mar 2000,ODI # 1573
M240,12,48,28,1,0,42.85,2,lbw,1,lbw b S M Pollock,v South Africa,Faridabad,15 Mar 2000,ODI # 1574
M241,122,195,138,12,0,88.4,2,caught,2,c S Elworthy b J H Kallis,v South Africa,Vadodara,17 Mar 2000,ODI # 1575
M242,93,119,89,7,4,104.49,2,caught,2,c S Elworthy b D N Crookes,v South Africa,Nagpur,19 Mar 2000,ODI # 1576
M243,5,10,8,0,0,62.5,2,bowled,1,b S M Pollock,v South Africa,Sharjah,22 Mar 2000,ODI # 1577
M244,11,54,28,1,0,39.28,2,lbw,2,lbw b Shoaib Akhtar,v Pakistan,Sharjah,23 Mar 2000,ODI # 1578
M245,10,23,18,1,0,55.55,2,bowled,2,b Wasim Akram,v Pakistan,Sharjah,26 Mar 2000,ODI # 1580
M246,39,117,68,3,0,57.35,1,run out,1,run out,v South Africa,Sharjah,27 Mar 2000,ODI # 1581
M247,36,55,25,4,2,144,2,caught,2,c Habibul Bashar b Mushfiqur Rahman,v Bangladesh,Dhaka,30 May 2000,ODI # 1597
M248,93,174,95,10,0,97.89,2,caught,2,c D P M D Jayawardene b K Weeraratne,v Sri Lanka,Dhaka,1 Jun 2000,ODI # 1598
M249,25,74,30,4,0,83.33,2,lbw,2,lbw b Abdul Razzaq,v Pakistan,Dhaka,3 Jun 2000,ODI # 1600
M250,25,55,35,4,0,71.42,2,lbw,2,lbw b A O Suji,v Kenya,Nairobi (Gym),3 Oct 2000,ODI # 1630
M251,38,58,37,3,3,102.7,2,caught,1,c D R Martyn b B Lee,v Australia,Nairobi (Gym),7 Oct 2000,ODI # 1633
M252,39,61,50,4,0,78,2,caught,1,c L Klusener b J H Kallis,v South Africa,Nairobi (Gym),13 Oct 2000,ODI # 1638
M253,69,103,83,10,1,83.13,2,run out,1,run out,v New Zealand,Nairobi (Gym),15 Oct 2000,ODI # 1639
M254,101,-,140,3,1,72.14,2,run out,1,run out,v Sri Lanka,Sharjah,20 Oct 2000,ODI # 1640
M255,8,-,15,1,0,53.33,2,caught,1,c †A Flower b H H Streak,v Zimbabwe,Sharjah,22 Oct 2000,ODI # 1644
M256,4,-,10,0,0,40,1,caught,2,c P A Strang b T J Friend,v Zimbabwe,Sharjah,26 Oct 2000,ODI # 1648
M257,61,-,54,7,0,112.96,2,caught,2,c W P U J C Vaas b M Muralitharan,v Sri Lanka,Sharjah,27 Oct 2000,ODI # 1650
M258,5,-,11,0,0,45.45,2,caught,2,c & b W P U J C Vaas,v Sri Lanka,Sharjah,29 Oct 2000,ODI # 1652
M259,44,90,49,7,0,89.79,2,caught,2,c H H Streak b D P Viljoen,v Zimbabwe,Cuttack,2 Dec 2000,ODI # 1656
M260,8,27,20,0,0,40,1,caught,1,c †A Flower b T J Friend,v Zimbabwe,Ahmedabad,5 Dec 2000,ODI # 1657
M261,146,200,153,15,2,95.42,2,caught,1,c M L Nkala b H H Streak,v Zimbabwe,Jodhpur,8 Dec 2000,ODI # 1658
M262,62,113,86,9,0,72.09,2,lbw,2,lbw b T J Friend,v Zimbabwe,Kanpur,11 Dec 2000,ODI # 1659
M263,27,38,38,5,0,71.05,2,bowled,1,b M L Nkala,v Zimbabwe,Rajkot,14 Dec 2000,ODI # 1660
M264,35,47,26,6,1,134.61,2,run out,1,run out,v Australia,Bengaluru,25 Mar 2001,ODI # 1696
M265,32,35,29,6,1,110.34,2,caught,1,c D S Lehmann b D W Fleming,v Australia,Pune,28 Mar 2001,ODI # 1698
M266,139,197,125,19,0,111.2,2,caught,1,c D W Fleming b G D McGrath,v Australia,Indore,31 Mar 2001,ODI # 1699
M267,62,68,38,11,0,163.15,2,caught,2,c S R Waugh b N W Bracken,v Australia,Visakhapatnam,3 Apr 2001,ODI # 1700
M268,12,17,15,2,0,80,2,caught,1,c †A C Gilchrist b N W Bracken,v Australia,Margao,6 Apr 2001,ODI # 1701
M269,70*,129,70,13,0,100,2,not out,2,not out,v Zimbabwe,Harare,24 Jun 2001,ODI # 1729
M270,9,42,27,0,0,33.33,2,caught,2,c G W Flower b B C Strang,v Zimbabwe,Bulawayo,27 Jun 2001,ODI # 1730
M271,81*,191,110,8,0,73.63,2,not out,2,not out,v West Indies,Bulawayo,30 Jun 2001,ODI # 1731
M272,122*,210,131,12,1,93.12,2,not out,2,not out,v West Indies,Harare,4 Jul 2001,ODI # 1733
M273,0,10,4,0,0,0,2,caught,2,c D Ganga b C D Collymore,v West Indies,Harare,7 Jul 2001,ODI # 1734
M274,101,209,129,9,0,78.29,2,caught,1,c H H Gibbs b J H Kallis,v South Africa,Johannesburg,5 Oct 2001,ODI # 1752
M275,38,82,57,5,0,66.66,2,caught,1,c A Nel b M Ntini,v South Africa,Centurion,10 Oct 2001,ODI # 1757
M276,DNB,-,-,-,-,-,-,-,2,did not bat,v Kenya,Bloemfontein,12 Oct 2001,ODI # 1758
M277,3,24,20,0,0,15,2,bowled,2,b J O Angara,v Kenya,Port Elizabeth,17 Oct 2001,ODI # 1761
M278,37,68,35,5,0,105.71,2,bowled,2,b J H Kallis,v South Africa,East London,19 Oct 2001,ODI # 1762
M279,146,186,132,17,0,110.6,2,caught,1,c M O Odumbe b T M Odoyo,v Kenya,Paarl,24 Oct 2001,ODI # 1764
M280,17,49,42,3,0,40.47,2,bowled,1,b M Hayward,v South Africa,Durban,26 Oct 2001,ODI # 1766
M281,36,71,43,6,0,83.72,2,bowled,1,b A Flintoff,v England,Kolkata,19 Jan 2002,ODI # 1788
M282,45,101,60,6,0,75,2,run out,2,run out,v England,Cuttack,22 Jan 2002,ODI # 1792
M283,68,110,79,10,0,86.07,1,lbw,2,lbw b J N Snape,v England,Chennai,25 Jan 2002,ODI # 1795
M284,87*,120,67,13,1,129.85,1,not out,2,not out,v England,Kanpur,28 Jan 2002,ODI # 1798
M285,18,20,16,3,0,112.5,2,caught,2,c †J S Foster b A R Caddick,v England,Delhi,31 Jan 2002,ODI # 1800
M286,12,22,18,1,1,66.66,2,caught,2,c †J S Foster b D Gough,v England,Mumbai,3 Feb 2002,ODI # 1803
M287,34*,64,45,2,0,75.55,4,not out,2,not out,v West Indies,Bridgetown,29 May 2002,ODI # 1836
M288,65,110,70,3,1,92.85,4,bowled,1,b M V Dillon,v West Indies,Port of Spain,2 Jun 2002,ODI # 1838
M289,1,12,9,0,0,11.11,4,lbw,2,lbw b R C Irani,v England,Lord's,29 Jun 2002,ODI # 1848
M290,49,123,70,3,1,70,4,caught,2,c †R S Kaluwitharana b D N T Zoysa,v Sri Lanka,The Oval,30 Jun 2002,ODI # 1849
M291,105*,167,108,8,1,97.22,4,not out,1,not out,v England,Chester-le-Street,4 Jul 2002,ODI # 1851
M292,19,35,25,3,0,76,4,caught,2,c M S Atapattu b C R D Fernando,v Sri Lanka,Birmingham,6 Jul 2002,ODI # 1852
M293,36,60,29,5,0,124.13,4,caught,2,c †A J Stewart b M J Hoggard,v England,The Oval,9 Jul 2002,ODI # 1854
M294,113,141,102,12,1,110.78,4,caught,1,c U D U Chandana b W P U J C Vaas,v Sri Lanka,Bristol,11 Jul 2002,ODI # 1855
M295,14,31,19,1,0,73.68,4,bowled,2,b A F Giles,v England,Lord's,13 Jul 2002,ODI # 1856
M296,7,39,16,0,0,43.75,4,caught,1,c A D R Campbell b D T Hondo,v Zimbabwe,Colombo (RPS),14 Sep 2002,ODI # 1876
M297,9*,34,20,0,0,45,4,not out,2,not out,v England,Colombo (RPS),22 Sep 2002,ODI # 1884
M298,16,39,29,1,0,55.17,4,run out,1,run out,v South Africa,Colombo (RPS),25 Sep 2002,ODI # 1886
M299,DNB,-,-,-,-,-,-,-,2,did not bat,v Sri Lanka,Colombo (RPS),29 Sep 2002,ODI # 1888
M300,7*,33,22,1,0,31.81,3,not out,2,not out,v Sri Lanka,Colombo (RPS),30 Sep 2002,ODI # 1889
M301,0,9,10,0,0,0,4,lbw,2,lbw b S E Bond,v New Zealand,Wellington,8 Jan 2003,ODI # 1930
M302,1,21,13,0,0,7.69,4,caught,2,c †B B McCullum b D R Tuffey,v New Zealand,Auckland,11 Jan 2003,ODI # 1933
M303,1,7,6,0,0,16.66,3,caught,1,c S P Fleming b D R Tuffey,v New Zealand,Hamilton,14 Jan 2003,ODI # 1935
M304,52,91,72,7,0,72.22,2,caught,1,c †J Smits b T B M de Leede,v Netherlands,Paarl,12 Feb 2003,ODI # 1948
M305,36,127,59,3,0,61.01,2,lbw,1,lbw b J N Gillespie,v Australia,Centurion,15 Feb 2003,ODI # 1951
M306,81,122,91,10,0,89.01,2,bowled,1,b G W Flower,v Zimbabwe,Harare,19 Feb 2003,ODI # 1957
M307,152,193,151,18,0,100.66,2,bowled,1,b R J van Vuuren,v Namibia,Pietermaritzburg,23 Feb 2003,ODI # 1964
M308,50,78,52,8,1,96.15,2,caught,1,c P D Collingwood b A Flintoff,v England,Durban,26 Feb 2003,ODI # 1969
M309,98,145,75,12,1,130.66,1,caught,2,c Younis Khan b Shoaib Akhtar,v Pakistan,Centurion,1 Mar 2003,ODI # 1975
M310,5,21,12,1,0,41.66,2,caught,2,c A O Suji b M A Suji,v Kenya,Cape Town,7 Mar 2003,ODI # 1983
M311,97,160,120,7,1,80.83,1,caught,1,c †K C Sangakkara b P A de Silva,v Sri Lanka,Johannesburg,10 Mar 2003,ODI # 1985
M312,15,25,16,3,0,93.75,2,caught,2,c J D P Oram b D R Tuffey,v New Zealand,Centurion,14 Mar 2003,ODI # 1988
M313,83,166,101,5,1,82.17,2,caught,1,c D O Obuya b S O Tikolo,v Kenya,Durban,20 Mar 2003,ODI # 1992
M314,4,2,5,1,0,80,1,caught,2,c & b G D McGrath,v Australia,Johannesburg,23 Mar 2003,ODI # 1993
M315,48*,119,66,5,0,72.72,2,not out,1,not out,v New Zealand,Chennai,23 Oct 2003,ODI # 2051
M316,100,158,119,9,1,84.03,2,caught,1,c †A C Gilchrist b N W Bracken,v Australia,Gwalior,26 Oct 2003,ODI # 2052
M317,68,113,76,10,0,89.47,2,bowled,2,b M J Clarke,v Australia,Mumbai,1 Nov 2003,ODI # 2054
M318,14,29,14,3,0,100,2,lbw,1,lbw b K D Mills,v New Zealand,Cuttack,6 Nov 2003,ODI # 2056
M319,89,133,91,12,1,97.8,2,bowled,2,b I J Harvey,v Australia,Bengaluru,12 Nov 2003,ODI # 2061
M320,102,124,91,12,1,112.08,2,caught,1,c J D P Oram b C Z Harris,v New Zealand,Hyderabad (Deccan),15 Nov 2003,ODI # 2062
M321,45,104,66,5,0,68.18,1,bowled,2,b A J Bichel,v Australia,Kolkata,18 Nov 2003,ODI # 2064
M322,63,117,69,8,1,91.3,2,caught,2,c R T Ponting b A Symonds,v Australia,Melbourne,9 Jan 2004,ODI # 2077
M323,44,107,59,6,0,74.57,2,bowled,2,b S M Ervine,v Zimbabwe,Hobart,14 Jan 2004,ODI # 2080
M324,86,129,95,8,0,90.52,2,caught,1,c & b A Symonds,v Australia,Brisbane,18 Jan 2004,ODI # 2084
M325,5,17,6,1,0,83.33,2,caught,1,c M L Hayden b B Lee,v Australia,Perth,1 Feb 2004,ODI # 2093
M326,3,16,8,0,0,37.5,2,caught,2,c †T Taibu b H H Streak,v Zimbabwe,Perth,3 Feb 2004,ODI # 2095
M327,8,28,22,1,0,36.36,2,bowled,1,b B Lee,v Australia,Melbourne,6 Feb 2004,ODI # 2097
M328,27,38,40,4,0,67.5,2,caught,2,c B Lee b J N Gillespie,v Australia,Sydney,8 Feb 2004,ODI # 2098
M329,28,49,35,4,1,80,2,caught,1,c Naved-ul-Hasan b Shoaib Akhtar,v Pakistan,Karachi,13 Mar 2004,ODI # 2112
M330,141,173,135,17,1,104.44,2,caught,2,c Abdul Razzaq b Shoaib Malik,v Pakistan,Rawalpindi,16 Mar 2004,ODI # 2114
M331,0,7,5,0,0,0,2,caught,1,c †Moin Khan b Shabbir Ahmed,v Pakistan,Peshawar,19 Mar 2004,ODI # 2115
M332,7,22,13,1,0,53.84,2,caught,2,c †Moin Khan b Shoaib Akhtar,v Pakistan,Lahore,21 Mar 2004,ODI # 2116
M333,37,60,48,7,0,77.08,2,caught,1,c †Moin Khan b Mohammad Sami,v Pakistan,Lahore,24 Mar 2004,ODI # 2117
M334,18,39,25,2,0,72,2,caught,1,c Fahad Usman b Asim Saeed,v U.A.E.,Dambulla,16 Jul 2004,ODI # 2144
M335,11,17,13,2,0,84.61,1,caught,2,c W S Jayantha b D N T Zoysa,v Sri Lanka,Dambulla,18 Jul 2004,ODI # 2148
M336,82*,157,126,10,1,65.07,2,not out,2,not out,v Bangladesh,Colombo (SSC),21 Jul 2004,ODI # 2149
M337,78,192,103,6,0,75.72,2,caught,2,c Imran Nazir b Shoaib Malik,v Pakistan,Colombo (RPS),25 Jul 2004,ODI # 2152
M338,18,30,21,3,0,85.71,1,lbw,1,lbw b D N T Zoysa,v Sri Lanka,Colombo (RPS),27 Jul 2004,ODI # 2153
M339,74,170,100,7,1,74,2,bowled,2,b T M Dilshan,v Sri Lanka,Colombo (RPS),1 Aug 2004,ODI # 2155
M340,16,30,17,2,0,94.11,2,run out,1,run out,v Pakistan,Kolkata,13 Nov 2004,ODI # 2192
M341,19,46,32,3,0,59.37,2,caught,1,c †Khaled Mashud b Nazmul Hossain,v Bangladesh,Chittagong,23 Dec 2004,ODI # 2199
M342,47,60,42,9,0,111.9,2,caught,1,c †Khaled Mashud b Khaled Mahmud,v Bangladesh,Dhaka,27 Dec 2004,ODI # 2202
M343,4,8,4,1,0,100,2,caught,1,c Mohammad Yousuf b Naved-ul-Hasan,v Pakistan,Kochi,2 Apr 2005,ODI # 2235
M344,2,17,8,0,0,25,2,run out,1,run out,v Pakistan,Visakhapatnam,5 Apr 2005,ODI # 2236
M345,6,15,11,1,0,54.54,2,caught,2,c Younis Khan b Mohammad Sami,v Pakistan,Jamshedpur,9 Apr 2005,ODI # 2237
M346,123,192,130,12,2,94.61,2,bowled,1,b Shoaib Malik,v Pakistan,Ahmedabad,12 Apr 2005,ODI # 2238
M347,1,13,10,0,0,10,2,caught,1,c †Kamran Akmal b Naved-ul-Hasan,v Pakistan,Kanpur,15 Apr 2005,ODI # 2239
M348,9,38,15,0,0,60,2,bowled,2,b Iftikhar Anjum,v Pakistan,Delhi,17 Apr 2005,ODI # 2240
M349,93,149,96,9,2,96.87,2,caught,1,c †K C Sangakkara b M F Maharoof,v Sri Lanka,Nagpur,25 Oct 2005,ODI # 2286
M350,67*,87,69,11,0,97.1,2,not out,2,not out,v Sri Lanka,Mohali,28 Oct 2005,ODI # 2287
M351,2,2,3,0,0,66.66,2,caught,2,c †K C Sangakkara b W P U J C Vaas,v Sri Lanka,Jaipur,31 Oct 2005,ODI # 2290
M352,11,28,19,1,1,57.89,2,bowled,2,b W P U J C Vaas,v Sri Lanka,Pune,3 Nov 2005,ODI # 2291
M353,19,46,30,3,0,63.33,2,caught,2,c M F Maharoof b C R D Fernando,v Sri Lanka,Rajkot,9 Nov 2005,ODI # 2295
M354,39,76,48,8,0,81.25,2,caught,2,c & b D N T Zoysa,v Sri Lanka,Vadodara,12 Nov 2005,ODI # 2296
M355,2,20,9,0,0,22.22,2,caught,1,c †M V Boucher b S M Pollock,v South Africa,Hyderabad (Deccan),16 Nov 2005,ODI # 2297
M356,2,31,22,0,0,9.09,2,caught,2,c sub b S M Pollock,v South Africa,Bengaluru,19 Nov 2005,ODI # 2298
M357,2,18,15,0,0,13.33,3,caught,1,c †M V Boucher b S M Pollock,v South Africa,Kolkata,25 Nov 2005,ODI # 2299
M358,30,77,44,5,0,68.18,2,caught,2,c A G Prince b A Nel,v South Africa,Mumbai,28 Nov 2005,ODI # 2300
M359,100,188,113,10,1,88.49,2,lbw,1,lbw b Arshad Khan,v Pakistan,Peshawar,6 Feb 2006,ODI # 2324
M360,42,71,43,8,0,97.67,2,caught,2,c †Kamran Akmal b Abdul Razzaq,v Pakistan,Rawalpindi,11 Feb 2006,ODI # 2327
M361,95,157,104,16,1,91.34,2,caught,2,c sub b Abdul Razzaq,v Pakistan,Lahore,13 Feb 2006,ODI # 2329
M362,0,7,3,0,0,0,2,caught,2,c †Kamran Akmal b Mohammad Sami,v Pakistan,Multan,16 Feb 2006,ODI # 2331
M363,2*,16,3,0,0,66.66,2,not out,1,not out,v Sri Lanka,Colombo (SSC),18 Aug 2006,ODI # 2405
M364,141*,-,148,13,5,95.27,2,not out,1,not out,v West Indies,Kuala Lumpur,14 Sep 2006,ODI # 2414
M365,12,30,17,2,0,70.58,2,caught,2,c †B J Haddin b M G Johnson,v Australia,Kuala Lumpur,16 Sep 2006,ODI # 2416
M366,65,154,102,7,0,63.72,2,run out,1,run out,v West Indies,Kuala Lumpur,20 Sep 2006,ODI # 2419
M367,4,11,10,1,0,40,2,caught,2,c M E K Hussey b B Lee,v Australia,Kuala Lumpur,22 Sep 2006,ODI # 2421
M368,35,87,41,5,0,85.36,2,lbw,2,lbw b S J Harmison,v England,Jaipur,15 Oct 2006,ODI # 2429
M369,29,81,45,4,0,64.44,2,bowled,1,b I D R Bradshaw,v West Indies,Ahmedabad,26 Oct 2006,ODI # 2437
M370,10,46,26,2,0,38.46,2,caught,1,c †A C Gilchrist b G D McGrath,v Australia,Mohali,29 Oct 2006,ODI # 2440
M371,35,79,51,5,0,68.62,2,bowled,2,b A Nel,v South Africa,Durban,22 Nov 2006,ODI # 2447
M372,2,20,9,0,0,22.22,2,caught,2,c L L Bosman b S M Pollock,v South Africa,Cape Town,26 Nov 2006,ODI # 2449
M373,1,4,3,0,0,33.33,3,caught,2,c †M V Boucher b S M Pollock,v South Africa,Port Elizabeth,29 Nov 2006,ODI # 2452
M374,55,134,97,8,0,56.7,2,caught,1,c A B de Villiers b J M Kemp,v South Africa,Centurion,3 Dec 2006,ODI # 2458
M375,31,54,38,3,0,81.57,3,lbw,1,lbw b C H Gayle,v West Indies,Nagpur,21 Jan 2007,ODI # 2480
M376,0,6,6,0,0,0,4,caught,1,c D S Smith b D B Powell,v West Indies,Cuttack,24 Jan 2007,ODI # 2485
M377,60,112,66,2,0,90.9,4,caught,1,c R S Morton b D J J Bravo,v West Indies,Chennai,27 Jan 2007,ODI # 2487
M378,100*,110,76,10,1,131.57,4,not out,1,not out,v West Indies,Vadodara,31 Jan 2007,ODI # 2493
M379,TDNB,-,-,-,-,-,-,-,-,did not bat,v Sri Lanka,Kolkata,8 Feb 2007,ODI # 2514
M380,54,94,61,9,0,88.52,4,stumped,2,st K C Sangakkara b C M Bandara,v Sri Lanka,Rajkot,11 Feb 2007,ODI # 2520
M381,1,13,8,0,0,12.5,3,bowled,2,b K M D N Kulasekara,v Sri Lanka,Margao,14 Feb 2007,ODI # 2522
M382,7,40,26,1,0,26.92,4,caught,1,c †Mushfiqur Rahim b Abdur Razzak,v Bangladesh,Port of Spain,17 Mar 2007,ODI # 2538
M383,57*,46,29,2,4,196.55,6,not out,1,not out,v Bermuda,Port of Spain,19 Mar 2007,ODI # 2542
M384,0,5,3,0,0,0,4,bowled,2,b C R D Fernando,v Sri Lanka,Port of Spain,23 Mar 2007,ODI # 2550
M385,4,4,3,1,0,133.33,2,bowled,2,b R K Whelan,v Ireland,Belfast,23 Jun 2007,ODI # 2590
M386,99,199,143,12,0,69.23,2,run out,1,run out,v South Africa,Belfast,26 Jun 2007,ODI # 2592
M387,93,140,106,13,2,87.73,2,bowled,2,b T Tshabalala,v South Africa,Belfast,29 Jun 2007,ODI # 2593
M388,8,10,8,2,0,100,2,caught,2,c †M V Boucher b M Ntini,v South Africa,Belfast,1 Jul 2007,ODI # 2595
M389,17,52,33,1,0,51.51,2,caught,2,c R S Bopara b J M Anderson,v England,Southampton,21 Aug 2007,ODI # 2611
M390,99,158,112,15,1,88.39,2,caught,1,c †M J Prior b A Flintoff,v England,Bristol,24 Aug 2007,ODI # 2613
M391,8,42,19,1,0,42.1,2,caught,2,c P D Collingwood b J M Anderson,v England,Birmingham,27 Aug 2007,ODI # 2616
M392,55,128,86,9,0,63.95,2,caught,1,c A Flintoff b K P Pietersen,v England,Manchester,30 Aug 2007,ODI # 2617
M393,71,87,59,13,0,120.33,2,caught,1,c †M J Prior b J Lewis,v England,Leeds,2 Sep 2007,ODI # 2618
M394,94,120,81,16,1,116.04,2,caught,2,c P D Collingwood b M S Panesar,v England,The Oval,5 Sep 2007,ODI # 2619
M395,30,80,46,4,0,65.21,2,caught,1,c †M J Prior b A Flintoff,v England,Lord's,8 Sep 2007,ODI # 2620
M396,0,9,6,0,0,0,2,lbw,2,lbw b M G Johnson,v Australia,Bengaluru,29 Sep 2007,ODI # 2621
M397,16,43,25,1,1,64,2,caught,2,c A Symonds b S R Clark,v Australia,Kochi,2 Oct 2007,ODI # 2623
M398,43,119,71,6,0,60.56,2,bowled,2,b G B Hogg,v Australia,Hyderabad (Deccan),5 Oct 2007,ODI # 2625
M399,79,184,119,7,0,66.38,2,run out,1,run out,v Australia,Chandigarh,8 Oct 2007,ODI # 2627
M400,47,128,73,9,0,64.38,2,caught,1,c †A C Gilchrist b B Lee,v Australia,Vadodara,11 Oct 2007,ODI # 2629
M401,72,105,72,9,1,100,2,stumped,2,st A C Gilchrist b J R Hopes,v Australia,Nagpur,14 Oct 2007,ODI # 2631
M402,21,52,36,4,0,58.33,2,bowled,2,b B Lee,v Australia,Mumbai,17 Oct 2007,ODI # 2632
M403,4,14,7,1,0,57.14,2,lbw,2,lbw b Shoaib Akhtar,v Pakistan,Guwahati,5 Nov 2007,ODI # 2643
M404,99,130,91,14,1,108.79,2,caught,1,c †Kamran Akmal b Umar Gul,v Pakistan,Mohali,8 Nov 2007,ODI # 2644
M405,29,54,27,5,0,107.4,2,caught,1,c †Kamran Akmal b Sohail Tanvir,v Pakistan,Kanpur,11 Nov 2007,ODI # 2645
M406,97,149,102,16,0,95.09,2,bowled,2,b Umar Gul,v Pakistan,Gwalior,15 Nov 2007,ODI # 2646
M407,30,54,27,6,0,111.11,2,caught,2,c Misbah-ul-Haq b Sohail Tanvir,v Pakistan,Jaipur,18 Nov 2007,ODI # 2647
M408,10,30,17,1,0,58.82,2,hit wicket,1,hit wicket b B Lee,v Australia,Brisbane,3 Feb 2008,ODI # 2670
M409,35,70,52,2,0,67.3,2,bowled,1,b S L Malinga,v Sri Lanka,Brisbane,5 Feb 2008,ODI # 2672
M410,44,123,54,3,0,81.48,2,caught,2,c B Lee b M G Johnson,v Australia,Melbourne,10 Feb 2008,ODI # 2675
M411,32,41,30,4,0,106.66,2,caught,1,c K M D N Kulasekara b M F Maharoof,v Sri Lanka,Canberra,12 Feb 2008,ODI # 2676
M412,5,23,15,1,0,33.33,2,lbw,2,lbw b N W Bracken,v Australia,Adelaide,17 Feb 2008,ODI # 2680
M413,0,6,2,0,0,0,2,bowled,2,b S L Malinga,v Sri Lanka,Adelaide,19 Feb 2008,ODI # 2681
M414,2,3,3,0,0,66.66,2,lbw,2,lbw b B Lee,v Australia,Sydney,24 Feb 2008,ODI # 2685
M415,63,92,54,10,0,116.66,2,caught,2,c L P C Silva b M Muralitharan,v Sri Lanka,Hobart,26 Feb 2008,ODI # 2686
M416,117*,235,120,10,0,97.5,2,not out,2,not out,v Australia,Sydney,2 Mar 2008,ODI # 2688
M417,91,176,121,7,0,75.2,2,caught,1,c R T Ponting b M J Clarke,v Australia,Brisbane,4 Mar 2008,ODI # 2689
M418,11,40,21,2,0,52.38,2,bowled,1,b S C J Broad,v England,Bengaluru,23 Nov 2008,ODI # 2781
M419,50,99,57,6,0,87.71,2,bowled,2,b S J Harmison,v England,Cuttack,26 Nov 2008,ODI # 2783
M420,5,15,16,0,0,31.25,2,lbw,2,lbw b T Thushara,v Sri Lanka,Dambulla,28 Jan 2009,ODI # 2806
M421,6,11,9,0,0,66.66,2,lbw,1,lbw b K M D N Kulasekara,v Sri Lanka,Colombo (RPS),31 Jan 2009,ODI # 2810
M422,7,9,12,0,1,58.33,2,lbw,1,lbw b C R D Fernando,v Sri Lanka,Colombo (RPS),3 Feb 2009,ODI # 2813
M423,20,43,23,2,0,86.95,2,caught,1,c †B B McCullum b I G Butler,v New Zealand,Napier,3 Mar 2009,ODI # 2821
M424,61,100,69,7,1,88.4,2,lbw,1,lbw b D L Vettori,v New Zealand,Wellington,6 Mar 2009,ODI # 2822
M425,163*,206,133,16,5,122.55,2,retired notout,1,retired hurt,v New Zealand,Christchurch,8 Mar 2009,ODI # 2823
M426,46,81,55,6,0,83.63,2,caught,2,c M J Guptill b D L Vettori,v New Zealand,Colombo (RPS),11 Sep 2009,ODI # 2886
M427,27,63,33,5,0,81.81,2,caught,2,c B A W Mendis b K M D N Kulasekara,v Sri Lanka,Colombo (RPS),12 Sep 2009,ODI # 2887
M428,138,214,133,10,1,103.75,2,lbw,1,lbw b B A W Mendis,v Sri Lanka,Colombo (RPS),14 Sep 2009,ODI # 2889
M429,8,19,14,1,0,57.14,2,caught,2,c †Kamran Akmal b Mohammad Amir,v Pakistan,Centurion,26 Sep 2009,ODI # 2898
M430,TDNB,-,-,-,-,-,-,-,-,did not bat,v Australia,Centurion,28 Sep 2009,ODI # 2901
M431,14,40,29,2,0,48.27,2,caught,2,c R T Ponting b S R Watson,v Australia,Vadodara,25 Oct 2009,ODI # 2913
M432,4,14,8,1,0,50,2,caught,1,c C L White b P M Siddle,v Australia,Nagpur,28 Oct 2009,ODI # 2915
M433,32,63,47,2,0,68.08,2,run out,2,run out,v Australia,Delhi,31 Oct 2009,ODI # 2918
M434,40,86,68,6,0,58.82,2,lbw,2,lbw b N M Hauritz,v Australia,Mohali,2 Nov 2009,ODI # 2919
M435,175,210,141,19,4,124.11,2,caught,2,c N M Hauritz b C J McKay,v Australia,Hyderabad (Deccan),5 Nov 2009,ODI # 2923
M436,10,23,17,2,0,58.82,2,caught,1,c & b D E Bollinger,v Australia,Guwahati,8 Nov 2009,ODI # 2925
M437,69,91,63,10,1,109.52,2,bowled,1,b C R D Fernando,v Sri Lanka,Rajkot,15 Dec 2009,ODI # 2932
M438,43,76,52,4,0,82.69,2,stumped,1,st K C Sangakkara b B A W Mendis,v Sri Lanka,Nagpur,18 Dec 2009,ODI # 2933
M439,96*,187,104,13,0,92.3,2,not out,2,not out,v Sri Lanka,Cuttack,21 Dec 2009,ODI # 2934
M440,8,-,8,2,0,100,2,caught,2,c S Randiv b R A S Lakmal,v Sri Lanka,Kolkata,24 Dec 2009,ODI # 2935
M441,4,-,5,1,0,80,2,run out,1,run out,v South Africa,Jaipur,21 Feb 2010,ODI # 2961
M442,200*,226,147,25,3,136.05,2,not out,1,not out,v South Africa,Gwalior,24 Feb 2010,ODI # 2962
M443,7,16,11,0,0,63.63,2,caught,2,c D W Steyn b L L Tsotsobe,v South Africa,Durban,12 Jan 2011,ODI # 3079
M444,24,78,44,2,0,54.54,2,bowled,1,b J Botha,v South Africa,Johannesburg,15 Jan 2011,ODI # 3080
M445,28,46,29,4,0,96.55,2,run out,1,run out,v Bangladesh,Dhaka,19 Feb 2011,ODI # 3100
M446,120,170,115,10,5,104.34,2,caught,1,c M H Yardy b J M Anderson,v England,Bengaluru,27 Feb 2011,ODI # 3110
M447,38,91,56,4,0,67.85,2,lbw,2,lbw b G H Dockrell,v Ireland,Bengaluru,6 Mar 2011,ODI # 3121
M448,27,45,22,6,0,122.72,2,caught,2,c B P Kruger b P M Seelaar,v Netherlands,Delhi,9 Mar 2011,ODI # 3124
M449,111,184,101,8,3,109.9,2,caught,1,c J-P Duminy b M Morkel,v South Africa,Nagpur,12 Mar 2011,ODI # 3128
M450,2,4,4,0,0,50,2,caught,1,c †D C Thomas b R Rampaul,v West Indies,Chennai,20 Mar 2011,ODI # 3141
M451,53,93,68,7,0,77.94,2,caught,2,c †B J Haddin b S W Tait,v Australia,Ahmedabad,24 Mar 2011,ODI # 3143
M452,85,160,115,11,0,73.91,2,caught,1,c Shahid Afridi b Saeed Ajmal,v Pakistan,Mohali,30 Mar 2011,ODI # 3147
M453,18,21,14,2,0,128.57,2,caught,2,c †K C Sangakkara b S L Malinga,v Sri Lanka,Mumbai,2 Apr 2011,ODI # 3148
M454,2,9,6,0,0,33.33,2,caught,2,c R T Ponting b M A Starc,v Australia,Melbourne,5 Feb 2012,ODI # 3231
M455,48,87,63,5,0,76.19,2,bowled,2,b A D Mathews,v Sri Lanka,Perth,8 Feb 2012,ODI # 3233
M456,15,25,24,2,0,62.5,2,caught,2,c †K C Sangakkara b K M D N Kulasekara,v Sri Lanka,Adelaide,14 Feb 2012,ODI # 3239
M457,3,21,12,0,0,25,2,caught,2,c X J Doherty b B W Hilfenhaus,v Australia,Brisbane,19 Feb 2012,ODI # 3244
M458,22,33,23,3,0,95.65,2,bowled,2,b K M D N Kulasekara,v Sri Lanka,Brisbane,21 Feb 2012,ODI # 3246
M459,14,34,15,2,0,93.33,2,run out,2,run out,v Australia,Sydney,26 Feb 2012,ODI # 3250
M460,39,45,30,5,0,130,2,lbw,2,lbw b S L Malinga,v Sri Lanka,Hobart,28 Feb 2012,ODI # 3251
M461,6,25,19,1,0,31.57,2,caught,1,c D P M D Jayawardene b R A S Lakmal,v Sri Lanka,Dhaka,13 Mar 2012,ODI # 3259
M462,114,205,147,12,1,77.55,2,caught,1,c †Mushfiqur Rahim b Mashrafe Mortaza,v Bangladesh,Dhaka,16 Mar 2012,ODI # 3261
M463,52,93,48,5,1,108.33,2,caught,2,c Younis Khan b Saeed Ajmal,v Pakistan,Dhaka,18 Mar 2012,ODI # 3263
